<?xml version="1.0" encoding="UTF-8"?>
<project-private xmlns="http://www.netbeans.org/ns/project-private/1">
    <editor-bookmarks xmlns="http://www.netbeans.org/ns/editor-bookmarks/2" lastBookmarkId="1"/>
    <open-files xmlns="http://www.netbeans.org/ns/projectui-open-files/2">
        <group>
            <file>file:/C:/Users/EDU_OBOS_5057/Documents/Reflow%20oven/Design/SW/RO_firmware_v1.X/mcc_generated_files/uart2.c</file>
            <file>file:/C:/Users/EDU_OBOS_5057/Documents/Reflow%20oven/Design/SW/RO_firmware_v1.X/mcc_generated_files/uart1.c</file>
            <file>file:/C:/Users/EDU_OBOS_5057/Documents/Reflow%20oven/Design/SW/RO_firmware_v1.X/mcc_generated_files/traps.c</file>
            <file>file:/C:/Users/EDU_OBOS_5057/Documents/Reflow%20oven/Design/SW/RO_firmware_v1.X/mcc_generated_files/uart2.h</file>
            <file>file:/C:/Users/EDU_OBOS_5057/Documents/Reflow%20oven/Design/SW/RO_firmware_v1.X/mcc_generated_files/uart1.h</file>
            <file>file:/C:/Users/EDU_OBOS_5057/Documents/Reflow%20oven/Design/SW/RO_firmware_v1.X/EEPROM_driver.h</file>
            <file>file:/C:/Users/EDU_OBOS_5057/Documents/Reflow%20oven/Design/SW/RO_firmware_v1.X/baseSW.c</file>
            <file>file:/C:/Users/EDU_OBOS_5057/Documents/Reflow%20oven/Design/SW/RO_firmware_v1.X/mcc_generated_files/pin_manager.c</file>
            <file>file:/C:/Users/EDU_OBOS_5057/Documents/Reflow%20oven/Design/SW/RO_firmware_v1.X/mcc_generated_files/spi1.c</file>
            <file>file:/C:/Users/EDU_OBOS_5057/Documents/Reflow%20oven/Design/SW/RO_firmware_v1.X/piclib30_wrapper.h</file>
            <file>file:/C:/Users/EDU_OBOS_5057/Documents/Reflow%20oven/Design/SW/RO_firmware_v1.X/stateTaskHandler.c</file>
            <file>file:/C:/Users/EDU_OBOS_5057/Documents/Reflow%20oven/Design/SW/RO_firmware_v1.X/main.c</file>
            <file>file:/C:/Users/EDU_OBOS_5057/Documents/Reflow%20oven/Design/SW/RO_firmware_v1.X/mcc_generated_files/system.c</file>
            <file>file:/C:/Users/EDU_OBOS_5057/Documents/Reflow%20oven/Design/SW/RO_firmware_v1.X/mcc_generated_files/mcc.c</file>
            <file>file:/C:/Users/EDU_OBOS_5057/Documents/Reflow%20oven/Design/SW/RO_firmware_v1.X/mcc_generated_files/interrupt_manager.c</file>
        </group>
    </open-files>
</project-private>
